{
  "exec-trace-config": {
    "enable": true,
    "scratch-change": true,
    "stack-change": true,
    "state-change": true
  },
  "last-round": 13,
  "txn-groups": [
    {
      "app-budget-added": 700,
      "app-budget-consumed": 39,
      "txn-results": [
        {
          "app-budget-consumed": 39,
          "exec-trace": {
            "approval-program-hash": "3QzcaT21ZU72t0ZjW0Bq4l2/3zK4aw7NL05Q/43i7sg=",
            "approval-program-trace": [
              {
                "pc": 1
              },
              { "pc": 4, "stack-additions": [{ "type": 2, "uint": 1005 }] },
              { "pc": 6, "stack-pop-count": 1 },
              { "pc": 9, "stack-additions": [{ "type": 2, "uint": 1 }] },
              { "pc": 11, "stack-additions": [{ "type": 2, "uint": 1 }] },
              {
                "pc": 12,
                "stack-additions": [{ "type": 2, "uint": 1 }],
                "stack-pop-count": 2
              },
              { "pc": 13, "stack-pop-count": 1 },
              {
                "pc": 14,
                "stack-additions": [{ "bytes": "AAAAAAAAAAo=", "type": 1 }]
              },
              {
                "pc": 17,
                "stack-additions": [{ "type": 2, "uint": 10 }],
                "stack-pop-count": 1
              },
              { "pc": 18 },
              { "pc": 26 },
              { "pc": 29, "stack-additions": [{ "type": 2 }] },
              {
                "pc": 31,
                "stack-additions": [{ "type": 2 }, { "type": 2 }],
                "stack-pop-count": 1
              },
              {
                "pc": 32,
                "stack-additions": [{ "type": 2 }, { "type": 2 }, { "type": 2 }, { "type": 2 }, { "type": 2 }],
                "stack-pop-count": 1
              },
              { "pc": 34, "stack-additions": [{ "type": 2, "uint": 10 }] },
              {
                "pc": 36,
                "stack-additions": [{ "type": 2, "uint": 10 }, { "type": 2 }, { "type": 2 }, { "type": 2 }, { "type": 2 }, { "type": 2 }],
                "stack-pop-count": 7
              },
              { "pc": 38, "stack-additions": [{ "type": 2, "uint": 10 }] },
              {
                "pc": 40,
                "stack-additions": [{ "type": 2, "uint": 10 }, { "type": 2 }, { "type": 2 }, { "type": 2 }, { "type": 2 }, { "type": 2 }],
                "stack-pop-count": 6
              },
              { "pc": 42, "stack-additions": [{ "type": 2, "uint": 10 }] },
              { "pc": 44, "stack-additions": [{ "type": 2, "uint": 10 }] },
              {
                "pc": 46,
                "stack-additions": [{ "type": 2, "uint": 20 }],
                "stack-pop-count": 2
              },
              {
                "pc": 47,
                "stack-additions": [
                  { "type": 2, "uint": 20 },
                  { "type": 2, "uint": 10 },
                  { "type": 2 },
                  { "type": 2 },
                  { "type": 2 },
                  { "type": 2 },
                  { "type": 2 }
                ],
                "stack-pop-count": 8
              },
              { "pc": 49, "stack-pop-count": 5 },
              {
                "pc": 51,
                "stack-additions": [
                  { "type": 2, "uint": 10 },
                  { "type": 2, "uint": 20 }
                ],
                "stack-pop-count": 2
              },
              {
                "pc": 53,
                "stack-additions": [
                  { "type": 2, "uint": 20 },
                  { "type": 2, "uint": 10 }
                ],
                "stack-pop-count": 2
              },
              {
                "pc": 54,
                "stack-additions": [{ "type": 2, "uint": 30 }],
                "stack-pop-count": 2
              },
              {
                "pc": 55,
                "stack-additions": [
                  { "bytes": "MSE=", "type": 1 },
                  { "bytes": "NSE=", "type": 1 }
                ]
              },
              {
                "pc": 63,
                "stack-additions": [
                  { "type": 2 },
                  { "type": 2, "uint": 2 },
                  { "type": 2, "uint": 1 },
                  { "type": 2, "uint": 1 },
                  { "type": 2, "uint": 5 },
                  { "type": 2, "uint": 18446744073709551615 }
                ]
              },
              {
                "pc": 80,
                "scratch-changes": [
                  {
                    "new-value": { "type": 2, "uint": 18446744073709551615 },
                    "slot": 1
                  }
                ],
                "stack-pop-count": 1
              },
              {
                "pc": 82,
                "stack-additions": [{ "type": 2, "uint": 18446744073709551615 }]
              },
              {
                "pc": 84,
                "scratch-changes": [
                  {
                    "new-value": { "type": 2, "uint": 18446744073709551615 },
                    "slot": 5
                  }
                ],
                "stack-pop-count": 2
              },
              {
                "pc": 85,
                "stack-additions": [{ "type": 2, "uint": 18446744073709551615 }]
              },
              {
                "pc": 87,
                "scratch-changes": [
                  {
                    "new-value": { "type": 2, "uint": 18446744073709551615 },
                    "slot": 1
                  }
                ],
                "stack-pop-count": 1
              },
              {
                "pc": 89,
                "stack-additions": [{ "type": 2, "uint": 30 }],
                "stack-pop-count": 8
              },
              {
                "pc": 21,
                "stack-additions": [{ "bytes": "AAAAAAAAAB4=", "type": 1 }],
                "stack-pop-count": 1
              },
              { "pc": 22, "stack-pop-count": 1 },
              { "pc": 23 },
              { "pc": 90, "stack-additions": [{ "type": 2, "uint": 1 }] },
              {
                "pc": 91,
                "stack-additions": [{ "type": 2, "uint": 1 }],
                "stack-pop-count": 1
              }
            ]
          },
          "txn-result": {
            "logs": ["AAAAAAAAAB4="],
            "pool-error": "",
            "txn": {
              "sig": "NKiXCCpBv1mF+wJePnNbuUzfrD7ldZwgTPeAnBMsAC3Snl26m9k/4u0UndE3cvVpBtQtj0UZzbLibMOcKJ/yBg==",
              "txn": {
                "apaa": ["AAAAAAAAAAo="],
                "apid": 1005,
                "fee": 1000,
                "fv": 13,
                "gh": "Am1PV0Usw/HKLKV3LSLUt8PY6pzFnDBl/Uggu3Bj67E=",
                "lv": 1013,
                "note": "2hcN6pY5JiE=",
                "snd": "36NVCST5SYT2F2L4MFYUNII5FECVYN76J3RAUTX7PQL6JT7O2ROYT5ED2Y",
                "type": "appl"
              }
            }
          }
        }
      ]
    }
  ],
  "version": 2
}
