{
  "last-round": 59,
  "txn-groups": [
    {
      "txn-results": [
        {
          "txn-result": {
            "pool-error": "",
            "txn": {
              "sig": "t9sBFT0TnKRnXz61oyYvW4XL9ngK67ciWUEIRl5syDun4N7bqiOta+Sub02OmzcusmChEMf9NOn8SODAWvsNBA==",
              "txn": {
                "apaa": ["1RPETg=="],
                "apbx": [
                  {
                    "n": "Ym94LWtleS0x"
                  },
                  {
                    "n": "Ym94LWtleS0y"
                  }
                ],
                "apid": 1058,
                "fee": 1000,
                "fv": 56,
                "gen": "sandnet-v1",
                "gh": "LSfI/BB2PAth7oDeWEH/oYncUvwuhqkSVkvKxI5kd3I=",
                "lv": 1056,
                "snd": "pYKxUMFyrKlVPWTkwgnI6LhrU9SsEWlQYO4srVQrzPE=",
                "type": "appl"
              }
            }
          },
          "app-budget-consumed": 19,
          "exec-trace": {
            "approval-program-hash": "elIoqp1XgWrLCBLPmaZlDsKE3sEMZBY1dlxOvBXPtak=",
            "approval-program-trace": [
              {
                "pc": 1
              },
              {
                "pc": 4,
                "stack-additions": [
                  {
                    "type": 2,
                    "uint": 1058
                  }
                ]
              },
              {
                "pc": 6,
                "stack-pop-count": 1
              },
              {
                "pc": 9,
                "stack-additions": [
                  {
                    "type": 2
                  }
                ]
              },
              {
                "pc": 11,
                "stack-additions": [
                  {
                    "type": 2,
                    "uint": 1
                  }
                ]
              },
              {
                "pc": 12,
                "stack-additions": [
                  {
                    "type": 2
                  }
                ],
                "stack-pop-count": 2
              },
              {
                "pc": 13,
                "stack-pop-count": 1
              },
              {
                "pc": 16,
                "stack-additions": [
                  {
                    "type": 1,
                    "bytes": "jhaTEQ=="
                  }
                ]
              },
              {
                "pc": 22,
                "stack-additions": [
                  {
                    "type": 1,
                    "bytes": "iRPB+A=="
                  }
                ]
              },
              {
                "pc": 28,
                "stack-additions": [
                  {
                    "type": 1,
                    "bytes": "1RPETg=="
                  }
                ]
              },
              {
                "pc": 34,
                "stack-additions": [
                  {
                    "type": 1,
                    "bytes": "1RPETg=="
                  }
                ]
              },
              {
                "pc": 37,
                "stack-pop-count": 4
              },
              {
                "pc": 159,
                "stack-additions": [
                  {
                    "type": 1,
                    "bytes": "Ym94LWtleS0x"
                  }
                ]
              },
              {
                "pc": 170,
                "stack-additions": [
                  {
                    "type": 1,
                    "bytes": "Ym94LXZhbHVlLTE="
                  }
                ]
              },
              {
                "pc": 183,
                "stack-pop-count": 2,
                "state-changes": [
                  {
                    "app-state-type": "b",
                    "key": "Ym94LWtleS0x",
                    "operation": "w",
                    "new-value": {
                      "type": 1,
                      "bytes": "Ym94LXZhbHVlLTE="
                    }
                  }
                ]
              },
              {
                "pc": 184,
                "stack-additions": [
                  {
                    "type": 1,
                    "bytes": "Ym94LWtleS0y"
                  }
                ]
              },
              {
                "pc": 195,
                "stack-additions": [
                  {
                    "type": 1
                  }
                ]
              },
              {
                "pc": 197,
                "stack-pop-count": 2,
                "state-changes": [
                  {
                    "app-state-type": "b",
                    "key": "Ym94LWtleS0y",
                    "operation": "w",
                    "new-value": {
                      "type": 1
                    }
                  }
                ]
              },
              {
                "pc": 198,
                "stack-additions": [
                  {
                    "type": 2,
                    "uint": 1
                  }
                ]
              }
            ]
          }
        }
      ],
      "app-budget-added": 700,
      "app-budget-consumed": 19
    }
  ],
  "version": 2,
  "exec-trace-config": {
    "enable": true,
    "scratch-change": true,
    "stack-change": true,
    "state-change": true
  },
  "initial-states": {
    "app-initial-states": [
      {
        "id": 1058
      }
    ]
  }
}
