{
  "last-round": 55,
  "txn-groups": [
    {
      "txn-results": [
        {
          "txn-result": {
            "pool-error": "",
            "txn": {
              "sig": "6c6pQryUHynVHKK0/3uTiqJIiiJLu+4xbSAZ7YOIZK8+Whve/2BOfrznrV4WYS4tOUCL0MyTA5d1gH5jeSnFBA==",
              "txn": {
                "apaa": ["jhaTEQ=="],
                "apbx": [
                  {
                    "n": "Ym94LWtleS0x"
                  },
                  {
                    "n": "Ym94LWtleS0y"
                  }
                ],
                "apid": 1054,
                "fee": 1000,
                "fv": 52,
                "gen": "sandnet-v1",
                "gh": "LSfI/BB2PAth7oDeWEH/oYncUvwuhqkSVkvKxI5kd3I=",
                "lv": 1052,
                "snd": "wZ0oB9HqKwGk6aHmjIEts1E/1Wyx7ltjR+nZZ6vwc+4=",
                "type": "appl"
              }
            },
            "local-state-delta": [
              {
                "address": "YGOSQB6R5IVQDJHJUHTIZAJNWNIT7VLMWHXFWY2H5HMWPK7QOPXHELNPJ4",
                "delta": [
                  {
                    "key": "bG9jYWwtaW50LWtleQ==",
                    "value": {
                      "action": 2,
                      "uint": 3405689018
                    }
                  },
                  {
                    "key": "bG9jYWwtYnl0ZXMta2V5",
                    "value": {
                      "action": 1,
                      "bytes": "eHFjTA=="
                    }
                  }
                ]
              }
            ]
          },
          "app-budget-consumed": 22,
          "exec-trace": {
            "approval-program-hash": "elIoqp1XgWrLCBLPmaZlDsKE3sEMZBY1dlxOvBXPtak=",
            "approval-program-trace": [
              {
                "pc": 1
              },
              {
                "pc": 4,
                "stack-additions": [
                  {
                    "type": 2,
                    "uint": 1054
                  }
                ]
              },
              {
                "pc": 6,
                "stack-pop-count": 1
              },
              {
                "pc": 9,
                "stack-additions": [
                  {
                    "type": 2
                  }
                ]
              },
              {
                "pc": 11,
                "stack-additions": [
                  {
                    "type": 2,
                    "uint": 1
                  }
                ]
              },
              {
                "pc": 12,
                "stack-additions": [
                  {
                    "type": 2
                  }
                ],
                "stack-pop-count": 2
              },
              {
                "pc": 13,
                "stack-pop-count": 1
              },
              {
                "pc": 16,
                "stack-additions": [
                  {
                    "type": 1,
                    "bytes": "jhaTEQ=="
                  }
                ]
              },
              {
                "pc": 22,
                "stack-additions": [
                  {
                    "type": 1,
                    "bytes": "iRPB+A=="
                  }
                ]
              },
              {
                "pc": 28,
                "stack-additions": [
                  {
                    "type": 1,
                    "bytes": "1RPETg=="
                  }
                ]
              },
              {
                "pc": 34,
                "stack-additions": [
                  {
                    "type": 1,
                    "bytes": "jhaTEQ=="
                  }
                ]
              },
              {
                "pc": 37,
                "stack-pop-count": 4
              },
              {
                "pc": 46,
                "stack-additions": [
                  {
                    "type": 1,
                    "bytes": "wZ0oB9HqKwGk6aHmjIEts1E/1Wyx7ltjR+nZZ6vwc+4="
                  }
                ]
              },
              {
                "pc": 48,
                "stack-additions": [
                  {
                    "type": 1,
                    "bytes": "bG9jYWwtaW50LWtleQ=="
                  }
                ]
              },
              {
                "pc": 63,
                "stack-additions": [
                  {
                    "type": 2,
                    "uint": 3405689018
                  }
                ]
              },
              {
                "pc": 69,
                "stack-pop-count": 3,
                "state-changes": [
                  {
                    "app-state-type": "l",
                    "key": "bG9jYWwtaW50LWtleQ==",
                    "operation": "w",
                    "account": "YGOSQB6R5IVQDJHJUHTIZAJNWNIT7VLMWHXFWY2H5HMWPK7QOPXHELNPJ4",
                    "new-value": {
                      "type": 2,
                      "uint": 3405689018
                    }
                  }
                ]
              },
              {
                "pc": 70,
                "stack-additions": [
                  {
                    "type": 2
                  }
                ]
              },
              {
                "pc": 72,
                "stack-additions": [
                  {
                    "type": 1,
                    "bytes": "bG9jYWwtYnl0ZXMta2V5"
                  }
                ]
              },
              {
                "pc": 89,
                "stack-additions": [
                  {
                    "type": 1,
                    "bytes": "eHFjTA=="
                  }
                ]
              },
              {
                "pc": 95,
                "stack-pop-count": 3,
                "state-changes": [
                  {
                    "app-state-type": "l",
                    "key": "bG9jYWwtYnl0ZXMta2V5",
                    "operation": "w",
                    "account": "YGOSQB6R5IVQDJHJUHTIZAJNWNIT7VLMWHXFWY2H5HMWPK7QOPXHELNPJ4",
                    "new-value": {
                      "type": 1,
                      "bytes": "eHFjTA=="
                    }
                  }
                ]
              },
              {
                "pc": 96
              },
              {
                "pc": 198,
                "stack-additions": [
                  {
                    "type": 2,
                    "uint": 1
                  }
                ]
              }
            ]
          }
        }
      ],
      "app-budget-added": 700,
      "app-budget-consumed": 22
    }
  ],
  "version": 2,
  "exec-trace-config": {
    "enable": true,
    "scratch-change": true,
    "stack-change": true,
    "state-change": true
  },
  "initial-states": {
    "app-initial-states": [
      {
        "id": 1054
      }
    ]
  }
}
